Date,Rainfall,Groundwater,Min_Temp,Max_Temp
01/01/2021,0.00,-9.525388888888887,22.0,27.0
02/01/2021,7.00,-9.439777777777778,22.0,26.0
03/01/2021,0.40,-9.410277777777779,24.0,27.0
04/01/2021,0.20,-9.43061111111111,24.0,27.0
05/01/2021,146.40,-9.14777777777778,25.0,27.0
06/01/2021,16.40,-9.081333333333331,24.0,26.0
07/01/2021,3.20,-8.935999999999998,24.0,27.0
08/01/2021,1.00,-8.886166666666664,24.0,28.0
09/01/2021,0.20,-8.837611111111109,25.0,28.0
10/01/2021,0.00,-8.792333333333334,25.0,28.0
11/01/2021,3.20,-9.193611111111107,25.0,28.0
12/01/2021,0.00,-9.234111111111112,25.0,28.0
13/01/2021,0.00,-9.15261111111111,25.0,28.0
14/01/2021,0.00,-9.086777777777776,24.0,28.0
15/01/2021,0.00,-8.811333333333334,24.0,28.0
16/01/2021,0.00,-8.8245,24.0,29.0
17/01/2021,0.00,-8.793388888888888,24.0,29.0
18/01/2021,0.00,-8.796722222222222,24.0,27.0
19/01/2021,0.00,-8.788555555555556,23.0,27.0
20/01/2021,0.00,-8.761166666666666,24.0,28.0
21/01/2021,0.00,-8.816555555555555,24.0,30.0
22/01/2021,0.00,-8.797111111111112,24.0,29.0
23/01/2021,0.00,-8.805222222222222,24.0,30.0
24/01/2021,0.00,-8.788055555555555,23.0,30.0
25/01/2021,0.00,-8.728444444444444,23.0,30.0
26/01/2021,0.00,-8.724333333333334,22.0,29.0
27/01/2021,0.00,-8.748333333333331,22.0,29.0
28/01/2021,0.00,-8.702611111111112,24.0,28.0
29/01/2021,0.00,-8.742111111111111,24.0,28.0
30/01/2021,0.00,-8.739055555555558,22.0,28.0
31/01/2021,0.00,-8.713444444444441,22.0,29.0
01/02/2021,0.00,-8.752944444444445,24.0,28.0
02/02/2021,0.00,-8.92411111111111,23.0,28.0
03/02/2021,0.00,-8.909999999999997,24.0,28.0
04/02/2021,0.00,-8.944722222222222,21.0,28.0
05/02/2021,0.00,-9.025222222222222,21.0,28.0
06/02/2021,0.00,-8.993666666666668,22.0,28.0
07/02/2021,0.00,-8.948888888888888,22.0,28.0
08/02/2021,0.00,-9.011055555555558,22.0,28.0
09/02/2021,0.00,-9.06161111111111,23.0,28.0
10/02/2021,0.00,-8.960333333333331,21.0,28.0
11/02/2021,0.00,-9.023,22.0,29.0
12/02/2021,0.00,-8.972999999999999,23.0,28.0
13/02/2021,0.00,-8.984222222222222,21.0,29.0
14/02/2021,0.00,-8.983666666666666,21.0,30.0
15/02/2021,0.00,-8.982666666666667,21.0,29.0
16/02/2021,0.00,-8.9405,21.0,30.0
17/02/2021,0.00,-8.94188888888889,22.0,29.0
18/02/2021,0.00,-8.94138888888889,23.0,29.0
19/02/2021,0.00,-8.978166666666667,24.0,28.0
20/02/2021,0.60,-8.961555555555556,24.0,28.0
21/02/2021,0.20,-8.94711111111111,24.0,28.0
22/02/2021,0.00,-8.954111111111112,24.0,28.0
23/02/2021,0.00,-8.980333333333334,24.0,30.0
24/02/2021,0.00,-9.037777777777778,24.0,30.0
25/02/2021,0.00,-8.93933333333333,23.0,31.0
26/02/2021,0.00,-8.969055555555556,22.0,32.0
27/02/2021,0.20,-8.921166666666668,23.0,32.0
28/02/2021,0.00,-8.972222222222221,22.0,31.0
01/03/2021,0.00,-9.016111111111112,23.0,30.0
02/03/2021,0.00,-8.975833333333334,23.0,31.0
03/03/2021,0.00,-9.010722222222222,23.0,31.0
04/03/2021,0.00,-9.033222222222227,24.0,30.0
05/03/2021,0.00,-9.054388888888887,23.0,30.0
06/03/2021,0.00,-9.021888888888888,22.0,32.0
07/03/2021,0.00,-8.995000000000003,23.0,32.0
08/03/2021,0.00,-9.033666666666669,24.0,31.0
09/03/2021,0.00,-9.107111111111113,24.0,31.0
10/03/2021,0.00,-9.067777777777776,24.0,31.0
11/03/2021,0.00,-9.107444444444445,23.0,31.0
12/03/2021,0.00,-9.09677777777778,24.0,31.0
13/03/2021,0.00,-9.086000000000002,25.0,31.0
14/03/2021,0.00,-9.154611111111112,25.0,31.0
15/03/2021,0.00,-9.082888888888888,24.0,32.0
16/03/2021,0.00,-9.073444444444444,24.0,31.0
17/03/2021,0.00,-9.083555555555556,25.0,31.0
18/03/2021,0.00,-9.109388888888889,24.0,31.0
19/03/2021,0.00,-9.13061111111111,24.0,30.0
20/03/2021,0.00,-9.07888888888889,23.0,31.0
21/03/2021,0.00,-9.115777777777778,24.0,32.0
22/03/2021,0.00,-9.191611111111111,25.0,32.0
23/03/2021,0.00,-9.133777777777773,25.0,31.0
24/03/2021,0.00,-9.13822222222222,25.0,32.0
25/03/2021,0.00,-9.23938888888889,25.0,32.0
26/03/2021,0.00,-9.173833333333333,25.0,32.0
27/03/2021,0.00,-9.185388888888887,26.0,33.0
28/03/2021,0.00,-9.194333333333335,24.0,33.0
29/03/2021,0.00,-9.164166666666667,25.0,34.0
30/03/2021,0.00,-9.205,25.0,36.0
31/03/2021,0.00,-9.152166666666666,27.0,38.0
01/04/2021,0.00,-9.258666666666667,28.0,39.0
02/04/2021,0.00,-9.209555555555555,28.0,39.0
03/04/2021,0.00,-9.262,26.0,36.0
04/04/2021,0.00,-9.225333333333332,26.0,35.0
05/04/2021,0.00,-9.238944444444448,25.0,33.0
06/04/2021,0.00,-9.203444444444445,25.0,32.0
07/04/2021,0.00,-9.253,25.0,32.0
08/04/2021,0.00,-9.255722222222223,25.0,33.0
09/04/2021,0.00,-9.284888888888888,24.0,33.0
10/04/2021,0.00,-9.249944444444445,25.0,32.0
11/04/2021,0.00,-9.221111111111112,25.0,32.0
12/04/2021,0.00,-9.293555555555557,27.0,32.0
13/04/2021,0.00,-9.285666666666668,27.0,33.0
14/04/2021,10.80,-9.264388888888888,28.0,33.0
15/04/2021,0.00,-9.220000000000002,26.0,31.0
16/04/2021,0.00,-9.226666666666667,26.0,34.0
17/04/2021,0.00,-9.177055555555556,28.0,35.0
18/04/2021,0.00,-9.155000000000003,28.0,35.0
19/04/2021,0.00,-9.144222222222222,28.0,35.0
20/04/2021,0.00,-9.193166666666668,28.0,35.0
21/04/2021,0.00,-9.15761111111111,28.0,34.0
22/04/2021,0.00,-9.27911111111111,28.0,34.0
23/04/2021,0.00,-9.192944444444443,28.0,34.0
24/04/2021,0.00,-9.187666666666667,28.0,34.0
25/04/2021,0.00,-9.191999999999998,26.0,34.0
26/04/2021,0.00,-9.179833333333333,26.0,34.0
27/04/2021,0.00,-9.185888888888888,27.0,35.0
28/04/2021,0.00,-9.179333333333336,26.0,35.0
29/04/2021,0.00,-9.264833333333334,29.0,34.0
30/04/2021,0.00,-9.200333333333331,28.0,34.0
01/05/2021,0.00,-9.18438888888889,26.0,34.0
02/05/2021,0.00,-9.135388888888889,26.0,33.0
03/05/2021,0.00,-9.192555555555556,28.0,33.0
04/05/2021,0.00,-9.145555555555555,28.0,34.0
05/05/2021,0.00,-9.144444444444446,28.0,34.0
06/05/2021,0.00,-9.150944444444443,28.0,34.0
07/05/2021,0.00,-9.142000000000001,28.0,34.0
08/05/2021,0.00,-9.174777777777779,28.0,33.0
09/05/2021,0.00,-9.104444444444447,28.0,34.0
10/05/2021,0.00,-9.113888888888889,28.0,34.0
11/05/2021,0.00,-9.131666666666666,29.0,35.0
12/05/2021,0.00,-9.10911111111111,29.0,35.0
13/05/2021,0.00,-9.079888888888886,29.0,35.0
14/05/2021,0.00,-9.094333333333333,28.0,34.0
15/05/2021,0.00,-9.066944444444445,28.0,35.0
16/05/2021,0.00,-9.047277777777778,29.0,34.0
17/05/2021,0.00,-9.071666666666667,29.0,35.0
18/05/2021,0.00,-9.060444444444443,29.0,34.0
19/05/2021,0.00,-9.113777777777777,29.0,34.0
20/05/2021,0.00,-9.08188888888889,28.0,34.0
21/05/2021,0.00,-9.0295,28.0,35.0
22/05/2021,0.00,-9.006166666666665,28.0,34.0
22/05/2021,0.00,-9.006166666666665,28.0,34.0
23/05/2021,0.00,-9.039611111111114,29.0,35.0
23/05/2021,0.00,-9.039611111111114,29.0,35.0
24/05/2021,0.00,-8.996444444444446,29.0,35.0
25/05/2021,0.00,-8.977555555555558,29.0,35.0
26/05/2021,0.00,-9.00238888888889,29.0,37.0
27/05/2021,0.00,-9.033555555555555,29.0,36.0
28/05/2021,0.00,-9.033333333333333,30.0,37.0
29/05/2021,0.00,-8.988611111111112,29.0,37.0
30/05/2021,0.00,-9.007444444444443,30.0,37.0
31/05/2021,0.00,-9.026722222222222,30.0,37.0
01/06/2021,0.00,-8.99583333333333,30.0,35.0
01/06/2021,0.00,-8.99583333333333,30.0,35.0
02/06/2021,0.00,-9.03061111111111,30.0,34.0
02/06/2021,0.00,-9.03061111111111,30.0,34.0
03/06/2021,0.00,-9.037722222222222,28.0,34.0
03/06/2021,0.00,-9.037722222222222,28.0,34.0
04/06/2021,0.00,-9.040166666666668,26.0,33.0
04/06/2021,0.00,-9.040166666666668,26.0,33.0
05/06/2021,0.00,-9.024888888888889,28.0,33.0
05/06/2021,0.00,-9.024888888888889,28.0,33.0
06/06/2021,0.00,-9.091833333333332,27.0,35.0
07/06/2021,0.00,-9.11811111111111,28.0,35.0
08/06/2021,0.00,-8.972000000000001,28.0,35.0
09/06/2021,0.00,-8.946222222222225,29.0,35.0
10/06/2021,0.00,-9.03438888888889,28.0,34.0
11/06/2021,0.00,-9.021944444444447,27.0,33.0
12/06/2021,0.00,-8.967722222222225,26.0,35.0
13/06/2021,0.00,-8.988499999999998,26.0,34.0
14/06/2021,1.20,-9.03888888888889,28.0,33.0
15/06/2021,0.00,-8.949111111111113,29.0,35.0
16/06/2021,0.00,-8.973222222222224,29.0,36.0
17/06/2021,0.00,-8.947666666666667,29.0,35.0
18/06/2021,0.00,-8.946666666666665,29.0,35.0
19/06/2021,0.00,-8.98938888888889,29.0,35.0
20/06/2021,0.00,-8.994388888888887,29.0,36.0
21/06/2021,0.00,-8.974722222222221,27.0,35.0
22/06/2021,0.00,-9.052666666666669,30.0,35.0
23/06/2021,0.00,-8.9735,27.0,33.0
24/06/2021,0.00,-9.037666666666667,27.0,32.0
25/06/2021,0.00,-9.03488888888889,29.0,36.0
26/06/2021,0.00,-9.038777777777778,28.0,35.0
27/06/2021,0.00,-9.101222222222225,26.0,32.0
28/06/2021,0.00,-9.027944444444445,25.0,33.0
29/06/2021,0.00,-9.007,26.0,33.0
30/06/2021,0.00,-9.063944444444443,26.0,33.0
01/07/2021,0.00,-9.075666666666667,25.0,32.0
02/07/2021,0.00,-9.078444444444447,25.0,32.0
03/07/2021,0.00,-9.056333333333335,26.0,31.0
04/07/2021,0.00,-9.050277777777776,28.0,31.0
05/07/2021,0.00,-9.04438888888889,26.0,33.0
06/07/2021,0.00,-9.187222222222223,25.0,34.0
07/07/2021,0.00,-9.113055555555555,26.0,34.0
08/07/2021,0.00,-9.172222222222224,27.0,33.0
09/07/2021,0.00,-9.0595,27.0,32.0
10/07/2021,0.00,-9.059111111111111,26.0,29.0
11/07/2021,0.00,-9.056000000000001,27.0,30.0
12/07/2021,0.00,-9.134333333333334,27.0,30.0
13/07/2021,0.00,-9.085555555555556,27.0,32.0
14/07/2021,0.00,-9.15061111111111,26.0,33.0
15/07/2021,0.00,-9.083722222222223,27.0,32.0
16/07/2021,0.00,-9.073222222222222,27.0,30.0
17/07/2021,0.00,-9.004666666666669,27.0,32.0
18/07/2021,0.00,-8.9295,27.0,32.0
19/07/2021,5.80,-8.866222222222222,27.0,34.0
20/07/2021,5.00,-8.846666666666666,29.0,35.0
21/07/2021,0.20,-8.813333333333333,28.0,34.0
22/07/2021,1.20,-8.770277777777778,27.0,30.0
23/07/2021,0.00,-8.749888888888888,27.0,32.0
24/07/2021,0.00,-8.745333333333335,27.0,34.0
25/07/2021,0.00,-8.746833333333335,29.0,35.0
26/07/2021,1.40,-8.766944444444448,28.0,35.0
27/07/2021,2.60,-8.719166666666668,28.0,35.0
28/07/2021,0.00,-8.746888888888892,28.0,36.0
29/07/2021,0.00,-8.76988888888889,28.0,36.0
30/07/2021,0.00,-8.75438888888889,29.0,36.0
31/07/2021,10.80,-8.769666666666668,27.0,36.0
01/08/2021,0.20,-8.723555555555556,27.0,35.0
02/08/2021,2.20,-8.807166666666667,29.0,35.0
03/08/2021,0.00,-8.714222222222224,28.0,35.0
04/08/2021,0.60,-8.749944444444445,29.0,35.0
05/08/2021,0.00,-8.729055555555556,29.0,35.0
06/08/2021,0.00,-8.762166666666666,28.0,35.0
07/08/2021,0.00,-8.768222222222224,27.0,35.0
08/08/2021,0.00,-8.807333333333334,29.0,34.0
09/08/2021,0.00,-8.833777777777776,29.0,34.0
10/08/2021,1.80,-8.79327777777778,28.0,35.0
11/08/2021,6.20,-8.812999999999997,28.0,35.0
12/08/2021,0.00,-8.816333333333333,27.0,31.0
13/08/2021,0.20,-8.838222222222221,25.0,30.0
14/08/2021,0.20,-8.837722222222222,25.0,30.0
15/08/2021,0.00,-8.791888888888888,25.0,30.0
16/08/2021,0.40,-8.839333333333334,28.0,31.0
17/08/2021,30.60,-8.844888888888887,28.0,34.0
18/08/2021,0.00,-8.81011111111111,29.0,34.0
19/08/2021,0.00,-8.80872222222222,28.0,32.0
20/08/2021,18.20,-8.780000000000001,28.0,32.0
21/08/2021,13.40,-8.770222222222221,25.0,29.0
22/08/2021,0.20,-8.701111111111112,24.0,30.0
23/08/2021,0.00,-8.707055555555554,27.0,32.0
24/08/2021,0.00,-8.70422222222222,26.0,32.0
25/08/2021,0.00,-8.723333333333333,26.0,33.0
26/08/2021,0.00,-8.689166666666665,26.0,34.0
27/08/2021,7.40,-8.660277777777779,27.0,34.0
28/08/2021,19.00,-8.646833333333333,26.0,30.0
29/08/2021,8.00,-8.581777777777777,27.0,32.0
30/08/2021,2.60,-8.618500000000001,27.0,32.0
31/08/2021,0.60,-8.582500000000001,27.0,33.0
01/09/2021,0.00,-8.599388888888889,25.0,32.0
02/09/2021,0.00,-8.538500000000003,26.0,31.0
03/09/2021,0.80,-8.55388888888889,24.0,31.0
04/09/2021,4.40,-8.531500000000001,25.0,27.0
05/09/2021,6.80,-8.521444444444445,24.0,30.0
06/09/2021,22.00,-8.591722222222224,26.0,31.0
07/09/2021,0.00,-8.585111111111111,27.0,33.0
08/09/2021,0.00,-8.52511111111111,27.0,34.0
09/09/2021,0.00,-8.598277777777778,27.0,35.0
10/09/2021,0.00,-8.555555555555555,28.0,34.0
11/09/2021,0.00,-8.505722222222223,28.0,35.0
12/09/2021,0.00,-8.460555555555556,28.0,34.0
13/09/2021,0.00,-8.514222222222221,27.0,35.0
14/09/2021,0.00,-8.53038888888889,28.0,34.0
15/09/2021,0.00,-8.552444444444445,28.0,34.0
16/09/2021,0.00,-8.558944444444442,28.0,34.0
17/09/2021,0.60,-8.526055555555557,27.0,33.0
18/09/2021,0.40,-8.556777777777775,27.0,33.0
19/09/2021,0.00,-8.556666666666665,27.0,33.0
20/09/2021,0.00,-8.526444444444445,27.0,34.0
21/09/2021,18.60,-8.524222222222223,28.0,35.0
22/09/2021,57.60,-8.447277777777778,27.0,34.0
23/09/2021,0.00,-8.479777777777777,27.0,33.0
24/09/2021,0.00,-8.483,28.0,33.0
25/09/2021,0.00,-8.401444444444444,28.0,33.0
26/09/2021,0.80,-8.423611111111109,27.0,32.0
27/09/2021,0.00,-8.357666666666665,27.0,34.0
28/09/2021,0.00,-8.424444444444443,27.0,34.0
29/09/2021,0.00,-8.43111111111111,27.0,34.0
30/09/2021,0.00,-8.403499999999998,27.0,32.0
01/10/2021,0.00,-8.413333333333332,26.0,33.0
02/10/2021,3.20,-8.469555555555557,26.0,32.0
03/10/2021,2.20,-8.465277777777779,27.0,32.0
04/10/2021,0.20,-8.476166666666666,26.0,32.0
05/10/2021,55.60,-8.357944444444444,26.0,30.0
06/10/2021,3.00,-8.295611111111112,26.0,32.0
07/10/2021,23.40,-8.30377777777778,26.0,33.0
08/10/2021,0.00,-8.363333333333332,26.0,30.0
09/10/2021,9.00,-8.160666666666668,25.0,30.0
10/10/2021,11.40,-8.100277777777777,26.0,32.0
11/10/2021,0.20,-8.06,25.0,31.0
12/10/2021,0.60,-8.137222222222224,25.0,32.0
13/10/2021,16.40,-8.061888888888891,26.0,32.0
14/10/2021,0.40,-8.133222222222223,26.0,33.0
15/10/2021,15.80,-8.072166666666668,27.0,34.0
16/10/2021,0.00,-8.001666666666665,26.0,31.0
17/10/2021,0.20,-7.977444444444444,26.0,32.0
18/10/2021,0.00,-8.028222222222222,27.0,33.0
19/10/2021,0.00,-8.015055555555556,27.0,33.0
20/10/2021,0.00,-8.036444444444445,27.0,31.0
21/10/2021,0.00,-8.046055555555556,25.0,32.0
22/10/2021,0.00,-8.06711111111111,27.0,31.0
23/10/2021,0.00,-8.066277777777776,27.0,32.0
24/10/2021,0.00,-8.034944444444443,27.0,31.0
25/10/2021,1.20,-8.021833333333333,26.0,31.0
26/10/2021,0.20,-8.063388888888888,26.0,32.0
27/10/2021,0.00,-8.041166666666664,26.0,32.0
28/10/2021,0.20,-8.119499999999999,26.0,29.0
29/10/2021,22.20,-8.1015,26.0,30.0
30/10/2021,12.40,-8.025,26.0,29.0
31/10/2021,13.60,-8.049388888888888,26.0,30.0
01/11/2021,36.20,-7.912777777777777,26.0,29.0
02/11/2021,22.60,-7.873611111111111,25.0,27.0
03/11/2021,26.80,-7.804888888888887,25.0,26.0
04/11/2021,38.40,-7.5344444444444445,25.0,28.0
05/11/2021,3.80,-7.440944444444445,25.0,30.0
06/11/2021,27.80,-7.404222222222223,25.0,29.0
07/11/2021,183.00,-6.1324999999999985,24.0,28.0
08/11/2021,36.00,-5.958,24.0,26.0
09/11/2021,12.80,-5.829333333333334,25.0,28.0
10/11/2021,86.00,-5.5683888888888875,24.0,25.0
11/11/2021,135.80,-4.440722222222223,22.0,26.0
12/11/2021,1.60,-4.485277777777778,22.0,29.0
13/11/2021,0.00,-4.531444444444443,25.0,30.0
14/11/2021,0.00,-4.5729444444444445,25.0,30.0
15/11/2021,0.20,-4.601333333333334,26.0,29.0
16/11/2021,0.00,-4.676333333333335,26.0,30.0
17/11/2021,13.40,-4.847111111111111,26.0,29.0
18/11/2021,46.40,-4.572944444444444,23.0,26.0
19/11/2021,0.40,-4.529222222222223,23.0,28.0
20/11/2021,4.80,-4.539944444444444,25.0,30.0
21/11/2021,0.00,-4.551777777777778,26.0,31.0
22/11/2021,32.40,-4.386944444444444,26.0,29.0
23/11/2021,0.40,-4.426444444444445,26.0,30.0
24/11/2021,,-4.410611111111112,26.0,31.0
25/11/2021,,-4.444166666666667,25.0,29.0
26/11/2021,,-4.138611111111111,24.0,26.0
27/11/2021,,-3.6768888888888887,23.0,26.0
28/11/2021,,-3.5280555555555555,24.0,25.0
29/11/2021,,-3.401388888888889,24.0,28.0
30/11/2021,,-3.472777777777778,25.0,28.0
01/12/2021,,-3.4942222222222226,25.0,28.0
02/12/2021,,-3.5970555555555555,25.0,30.0
03/12/2021,,-3.6586111111111115,23.0,29.0
04/12/2021,,-3.7809999999999997,23.0,32.0
05/12/2021,,-3.785722222222222,24.0,32.0
06/12/2021,,-3.843611111111111,26.0,31.0
07/12/2021,,-3.887944444444445,25.0,31.0
08/12/2021,,-3.9663888888888894,25.0,31.0
09/12/2021,,-3.841,25.0,29.0
10/12/2021,,-3.8930555555555557,25.0,30.0
11/12/2021,,-3.9566111111111115,24.0,29.0
12/12/2021,36.00,-4.000666666666666,24.0,29.0
13/12/2021,0.80,-3.9174444444444436,25.0,28.0
14/12/2021,0.00,-3.916111111111111,25.0,29.0
15/12/2021,0.00,-4.052277777777778,24.0,29.0
16/12/2021,0.00,-4.017444444444444,24.0,29.0
17/12/2021,0.00,-4.025,23.0,29.0
18/12/2021,0.00,-4.062611111111112,23.0,29.0
19/12/2021,0.00,-4.1561666666666675,23.0,29.0
20/12/2021,0.00,-4.1785000000000005,23.0,28.0
21/12/2021,0.00,-4.312277777777778,22.0,29.0
22/12/2021,0.00,-4.312777777777779,20.0,29.0
23/12/2021,0.00,-4.363055555555554,19.0,29.0
24/12/2021,0.00,-4.42461111111111,20.0,29.0
25/12/2021,0.00,-4.464833333333333,20.0,29.0
26/12/2021,0.00,-4.479555555555555,21.0,30.0
27/12/2021,0.00,-4.480666666666667,22.0,30.0
28/12/2021,0.00,-4.517833333333333,23.0,29.0
29/12/2021,0.00,-4.542777777777779,24.0,30.0
30/12/2021,171.80,-3.9779444444444443,23.0,28.0
31/12/2021,17.40,-3.3927777777777774,24.0,28.0
01/01/2022,0.40,-3.3588333333333336,23.0,27.0
02/01/2022,0.00,-3.377555555555556,24.0,29.0
03/01/2022,0.00,-3.4468888888888896,24.0,29.0
04/01/2022,0.00,-3.5183888888888886,23.0,29.0
05/01/2022,0.00,-3.566722222222223,23.0,29.0
06/01/2022,0.00,-3.6710000000000003,22.0,29.0
07/01/2022,0.00,-3.6830555555555566,22.0,29.0
08/01/2022,0.00,-3.7085,23.0,28.0
09/01/2022,0.00,-3.7324999999999995,23.0,30.0
10/01/2022,0.00,-3.7466111111111116,23.0,31.0
11/01/2022,0.00,-3.8105555555555557,24.0,30.0
12/01/2022,0.00,-3.9765555555555556,23.0,29.0
13/01/2022,0.00,-3.859166666666666,25.0,30.0
14/01/2022,8.40,-3.9169444444444443,24.0,30.0
15/01/2022,0.20,-3.8809999999999993,24.0,30.0
16/01/2022,0.00,-3.9182777777777775,25.0,30.0
17/01/2022,34.20,-3.842222222222222,24.0,28.0
18/01/2022,0.00,-3.8147222222222217,24.0,29.0
19/01/2022,0.20,-3.890833333333333,22.0,30.0
20/01/2022,0.00,-3.930944444444444,21.0,30.0
21/01/2022,0.00,-3.9177222222222223,21.0,31.0
22/01/2022,0.00,-3.921833333333333,22.0,31.0
23/01/2022,0.00,-3.9193888888888884,23.0,31.0
24/01/2022,0.00,-3.9741111111111116,23.0,30.0
25/01/2022,0.00,-4.000277777777778,24.0,30.0
26/01/2022,0.20,-4.093555555555556,24.0,30.0
27/01/2022,0.00,-4.131055555555556,24.0,29.0
28/01/2022,0.20,-4.191722222222222,24.0,30.0
29/01/2022,0.00,-4.17411111111111,24.0,28.0
30/01/2022,0.20,-4.1955,23.0,28.0
31/01/2022,0.00,-4.255055555555555,23.0,30.0
01/02/2022,0.00,-4.264166666666666,22.0,30.0
02/02/2022,0.00,-4.335166666666667,21.0,31.0
03/02/2022,0.00,-4.3425,22.0,29.0
04/02/2022,0.00,-4.356944444444445,23.0,32.0
05/02/2022,0.00,-4.402611111111111,24.0,31.0
06/02/2022,0.00,-4.416944444444444,24.0,30.0
07/02/2022,0.00,-4.4622222222222225,23.0,30.0
08/02/2022,0.00,-4.4637777777777785,22.0,30.0
09/02/2022,0.00,-4.520333333333333,23.0,29.0
10/02/2022,0.00,-4.540222222222223,23.0,30.0
11/02/2022,0.00,-4.600833333333333,23.0,29.0
12/02/2022,0.00,-4.617000000000001,24.0,32.0
13/02/2022,0.00,-4.60611111111111,23.0,31.0
14/02/2022,0.00,-4.671388888888889,24.0,30.0
15/02/2022,0.00,-4.666333333333333,23.0,29.0
16/02/2022,0.00,-4.722333333333335,21.0,31.0
17/02/2022,0.00,-4.755166666666667,23.0,29.0
18/02/2022,0.00,-4.769555555555555,24.0,31.0
19/02/2022,0.00,-4.754777777777779,23.0,29.0
20/02/2022,0.00,-4.804055555555556,22.0,32.0
21/02/2022,0.00,-4.7939444444444455,22.0,34.0
22/02/2022,0.00,-4.863444444444444,24.0,33.0
23/02/2022,0.00,-4.895777777777778,24.0,31.0
24/02/2022,0.00,-4.965166666666665,24.0,30.0
25/02/2022,0.00,-4.931388888888889,22.0,31.0
26/02/2022,0.00,-4.965833333333333,22.0,30.0
27/02/2022,0.00,-4.960166666666667,23.0,32.0
28/02/2022,0.00,-4.995888888888889,22.0,32.0
01/03/2022,0.00,-5.021944444444443,21.0,31.0
02/03/2022,0.00,-5.057555555555556,22.0,33.0
03/03/2022,0.00,-5.072111111111111,23.0,32.0
04/03/2022,0.00,-5.080555555555557,25.0,27.0
05/03/2022,0.00,-5.108444444444444,25.0,28.0
06/03/2022,0.00,-5.126666666666667,25.0,30.0
07/03/2022,0.00,-5.158833333333334,26.0,31.0
08/03/2022,0.00,-5.270888888888889,24.0,32.0
09/03/2022,0.00,-5.213,23.0,33.0
10/03/2022,0.00,-5.257611111111112,24.0,32.0
11/03/2022,0.00,-5.290333333333334,24.0,32.0
12/03/2022,0.00,-5.285722222222222,22.0,32.0
13/03/2022,0.00,-5.3145,24.0,31.0
14/03/2022,0.00,-5.3517777777777775,23.0,32.0
15/03/2022,0.00,-5.355,22.0,34.0
16/03/2022,0.00,-5.438333333333333,22.0,35.0
17/03/2022,0.00,-5.46111111111111,22.0,36.0
18/03/2022,0.00,-5.516111111111112,24.0,35.0
19/03/2022,0.00,-5.458277777777778,24.0,35.0
20/03/2022,0.00,-5.477277777777777,25.0,36.0
21/03/2022,0.00,-5.520722222222222,27.0,37.0
22/03/2022,0.00,-5.5618333333333325,27.0,36.0
23/03/2022,0.00,-5.563777777777777,27.0,35.0
24/03/2022,0.00,-5.6209444444444445,26.0,35.0
25/03/2022,0.00,-5.659722222222222,26.0,34.0
26/03/2022,0.00,-5.680222222222222,26.0,34.0
27/03/2022,0.00,-5.732055555555555,26.0,35.0
28/03/2022,0.00,-5.685388888888889,26.0,35.0
29/03/2022,0.00,-5.748777777777778,26.0,36.0
30/03/2022,0.00,-5.760833333333334,27.0,37.0
31/03/2022,0.00,-5.781833333333334,27.0,36.0
01/04/2022,0.00,-5.829944444444444,26.0,35.0
02/04/2022,0.00,-5.830666666666667,25.0,35.0
03/04/2022,0.00,-5.844277777777778,25.0,35.0
04/04/2022,0.00,-5.859555555555555,26.0,35.0
05/04/2022,0.00,-5.940777777777778,26.0,34.0
06/04/2022,0.00,-5.869000000000001,26.0,35.0
07/04/2022,0.00,-5.893722222222221,26.0,35.0
08/04/2022,0.00,-5.955722222222223,25.0,35.0
09/04/2022,0.00,-5.941166666666667,27.0,35.0
10/04/2022,0.00,-5.928111111111111,27.0,34.0
11/04/2022,0.00,-5.942555555555556,27.0,34.0
12/04/2022,0.00,-6.039833333333334,27.0,34.0
13/04/2022,0.00,-6.041833333333333,27.0,34.0
14/04/2022,0.00,-6.012833333333333,28.0,36.0
15/04/2022,0.00,-5.994555555555556,28.0,35.0
16/04/2022,0.00,-6.008388888888887,29.0,37.0
17/04/2022,0.00,-6.028666666666667,29.0,36.0
18/04/2022,0.00,-6.064555555555556,28.0,36.0
19/04/2022,0.00,-6.104555555555556,29.0,36.0
20/04/2022,0.00,-6.0987777777777765,28.0,36.0
21/04/2022,0.00,-6.126055555555555,27.0,36.0
22/04/2022,0.00,-6.1466111111111115,27.0,36.0
23/04/2022,0.00,-6.181388888888888,27.0,36.0
24/04/2022,0.00,-6.157,27.0,37.0
25/04/2022,0.00,-6.158944444444445,27.0,37.0
26/04/2022,0.00,-6.252777777777777,27.0,37.0
27/04/2022,0.00,-6.2925555555555555,28.0,37.0
28/04/2022,0.00,-6.274111111111111,27.0,37.0
29/04/2022,0.00,-6.364000000000001,28.0,37.0
30/04/2022,0.00,-6.2798333333333325,29.0,39.0
01/05/2022,0.00,-6.309055555555556,29.0,38.0
02/05/2022,0.00,-6.334000000000002,29.0,37.0
03/05/2022,0.00,-6.378277777777778,28.0,36.0
04/05/2022,0.00,-6.438722222222221,28.0,36.0
05/05/2022,0.00,-6.403166666666667,28.0,37.0
06/05/2022,0.00,-6.484833333333333,29.0,38.0
07/05/2022,0.00,-6.477111111111112,29.0,37.0
08/05/2022,0.00,-6.504166666666666,28.0,38.0
09/05/2022,0.00,-6.474277777777777,29.0,37.0
10/05/2022,20.60,-6.333444444444444,30.0,35.0
11/05/2022,0.40,-6.432333333333334,30.0,36.0
12/05/2022,1.20,-6.4285000000000005,28.0,33.0
13/05/2022,1.00,-6.410166666666666,25.0,32.0
14/05/2022,0.40,-6.450333333333335,27.0,33.0
15/05/2022,0.00,-6.405666666666666,28.0,33.0
16/05/2022,0.00,-6.406388888888889,28.0,34.0
17/05/2022,0.00,-6.400333333333334,28.0,34.0
18/05/2022,0.00,-6.420222222222223,28.0,33.0
19/05/2022,0.00,-6.440555555555556,29.0,34.0
20/05/2022,0.60,-6.497111111111111,28.0,34.0
21/05/2022,0.00,-6.465999999999998,28.0,37.0
22/05/2022,0.00,-6.434777777777777,29.0,37.0
23/05/2022,0.00,-6.484666666666667,29.0,37.0
24/05/2022,0.00,-6.565499999999998,29.0,37.0
25/05/2022,0.00,-6.53488888888889,29.0,37.0
26/05/2022,0.00,-6.538944444444445,29.0,37.0
27/05/2022,0.00,-6.622333333333332,28.0,37.0
28/05/2022,0.00,-6.747111111111112,29.0,38.0
29/05/2022,0.00,-6.621666666666666,29.0,38.0
30/05/2022,0.00,-6.60588888888889,29.0,38.0
31/05/2022,0.00,-6.736499999999999,28.0,37.0
01/06/2022,0.00,-6.6835555555555555,28.0,38.0
02/06/2022,0.00,-6.677222222222223,30.0,38.0
03/06/2022,0.00,-6.711277777777777,30.0,38.0
04/06/2022,0.00,-6.786111111111111,29.0,38.0
05/06/2022,0.00,-6.723388888888888,29.0,37.0
06/06/2022,0.00,-6.818777777777779,27.0,36.0
07/06/2022,0.00,-6.7681666666666676,28.0,36.0
08/06/2022,0.00,-6.78661111111111,28.0,38.0
09/06/2022,0.00,-6.791111111111112,29.0,37.0
10/06/2022,0.00,-6.792444444444445,29.0,37.0
11/06/2022,0.00,-6.831666666666666,29.0,37.0
12/06/2022,0.00,-6.806055555555556,30.0,38.0
13/06/2022,0.00,-6.860333333333332,29.0,35.0
14/06/2022,0.00,-6.8867777777777786,28.0,37.0
15/06/2022,0.00,-6.893388888888889,28.0,36.0
16/06/2022,0.00,-6.906333333333333,27.0,35.0
17/06/2022,0.00,-7.011888888888889,27.0,34.0
18/06/2022,0.60,-6.965055555555556,26.0,34.0
19/06/2022,35.00,-6.962444444444446,28.0,34.0
20/06/2022,74.40,-6.810388888888889,28.0,34.0
21/06/2022,43.60,-6.709777777777778,27.0,33.0
22/06/2022,8.40,-6.520555555555556,28.0,34.0
23/06/2022,0.00,-6.4830555555555565,28.0,32.0
24/06/2022,0.00,-6.425777777777777,27.0,34.0
25/06/2022,0.20,-6.389833333333332,26.0,33.0
26/06/2022,0.00,-6.3983333333333325,28.0,34.0
27/06/2022,9.00,-6.432722222222223,28.0,35.0
28/06/2022,1.40,-6.419388888888889,29.0,35.0
29/06/2022,0.40,-6.402,28.0,36.0
30/06/2022,5.40,-6.403277777777777,28.0,35.0
01/07/2022,0.80,-6.34127777777778,28.0,36.0
02/07/2022,0.00,-6.3395,28.0,35.0
03/07/2022,2.00,-6.371499999999999,29.0,35.0
04/07/2022,3.20,-6.3148888888888886,29.0,35.0
05/07/2022,5.20,-6.339555555555555,29.0,33.0
06/07/2022,1.20,-6.321999999999999,26.0,31.0
07/07/2022,0.00,-6.3550555555555555,27.0,31.0
08/07/2022,0.00,-6.379055555555555,27.0,31.0
09/07/2022,0.20,-6.402,27.0,33.0
10/07/2022,0.00,-6.3342777777777775,28.0,34.0
11/07/2022,0.80,-6.350944444444444,27.0,33.0
12/07/2022,3.20,-6.3805000000000005,28.0,36.0
13/07/2022,1.00,-6.361722222222222,28.0,37.0
14/07/2022,0.20,-6.3694999999999995,28.0,36.0
15/07/2022,0.00,-6.405222222222222,28.0,36.0
16/07/2022,6.00,-6.412888888888888,28.0,36.0
17/07/2022,0.40,-6.465555555555556,27.0,32.0
18/07/2022,0.20,-6.527444444444445,27.0,33.0
19/07/2022,0.20,-6.525333333333332,28.0,33.0
20/07/2022,0.00,-6.6016111111111115,27.0,34.0
21/07/2022,0.20,-6.579333333333334,27.0,34.0
22/07/2022,1.80,-6.581500000000001,27.0,32.0
23/07/2022,2.60,-6.604277777777779,27.0,34.0
24/07/2022,0.20,-6.550888888888889,28.0,34.0
25/07/2022,0.20,-6.606888888888889,28.0,33.0
26/07/2022,0.00,-6.6223888888888895,26.0,32.0
27/07/2022,0.20,-6.635944444444444,27.0,31.0
28/07/2022,0.40,-6.653333333333332,26.0,32.0
29/07/2022,0.00,-6.659722222222223,26.0,33.0
30/07/2022,0.20,-6.7236111111111105,27.0,33.0
31/07/2022,0.00,-6.7715,27.0,34.0
01/08/2022,0.00,-6.763055555555557,28.0,34.0
02/08/2022,0.20,-6.695944444444443,27.0,33.0
03/08/2022,1.20,-6.808777777777777,26.0,30.0
04/08/2022,0.20,-6.747722222222222,27.0,31.0
05/08/2022,0.00,-6.757833333333331,27.0,31.0
06/08/2022,0.00,-6.790888888888889,27.0,32.0
07/08/2022,0.00,-6.787055555555555,27.0,32.0
08/08/2022,0.00,-6.778333333333334,28.0,34.0
09/08/2022,0.20,-6.749499999999999,28.0,35.0
10/08/2022,0.00,-6.813222222222224,27.0,35.0
11/08/2022,0.00,-6.875055555555556,28.0,35.0
12/08/2022,0.00,-6.878666666666666,28.0,36.0
13/08/2022,0.00,-6.898833333333332,29.0,36.0
14/08/2022,0.00,-6.90738888888889,29.0,33.0
15/08/2022,0.00,-6.9193333333333324,28.0,34.0
16/08/2022,0.00,-6.940666666666666,28.0,34.0
17/08/2022,0.00,-6.934555555555555,27.0,34.0
18/08/2022,0.20,-6.974944444444443,27.0,34.0
19/08/2022,0.00,-6.97588888888889,28.0,34.0
20/08/2022,0.00,-6.971444444444444,29.0,35.0
21/08/2022,36.80,-6.993888888888888,28.0,35.0
22/08/2022,0.80,-6.953500000000001,27.0,36.0
23/08/2022,0.20,-6.920111111111111,27.0,35.0
24/08/2022,16.60,-6.845055555555557,26.0,33.0
25/08/2022,0.20,-6.851111111111112,26.0,31.0
26/08/2022,0.00,-6.853555555555555,27.0,33.0
27/08/2022,6.40,-6.826777777777777,26.0,32.0
28/08/2022,0.20,-6.7832222222222205,26.0,34.0
29/08/2022,3.20,-6.831555555555555,25.0,31.0
30/08/2022,0.00,-6.797555555555556,26.0,30.0
31/08/2022,3.80,-6.805222222222222,27.0,30.0
01/09/2022,15.80,-6.828611111111112,26.0,30.0
02/09/2022,0.20,-6.758166666666665,26.0,31.0
03/09/2022,0.00,-6.791388888888889,26.0,32.0
04/09/2022,0.00,-6.763,27.0,33.0
05/09/2022,0.20,-6.737166666666665,27.0,33.0
06/09/2022,0.00,-6.765444444444446,25.0,33.0
07/09/2022,0.00,-6.732833333333334,27.0,32.0
08/09/2022,0.00,-6.719277777777779,25.0,30.0
09/09/2022,0.20,-6.785833333333333,25.0,30.0
10/09/2022,0.00,-6.810222222222222,27.0,33.0
11/09/2022,0.00,-6.81,27.0,33.0
12/09/2022,0.00,-6.8295,27.0,34.0
13/09/2022,0.00,-6.841777777777779,27.0,34.0
14/09/2022,0.20,-6.857555555555553,27.0,34.0
15/09/2022,0.00,-6.9016111111111105,27.0,32.0
16/09/2022,0.00,-6.870666666666667,27.0,34.0
17/09/2022,0.00,-6.868555555555556,28.0,35.0
18/09/2022,0.00,-6.867222222222223,28.0,34.0
19/09/2022,0.20,-6.965444444444444,28.0,34.0
20/09/2022,0.00,-6.897000000000001,28.0,35.0
21/09/2022,0.00,-6.969277777777776,27.0,35.0
22/09/2022,0.00,-7.042722222222221,27.0,36.0
23/09/2022,0.00,-6.965055555555556,27.0,35.0
24/09/2022,0.20,-7.023055555555556,26.0,36.0
25/09/2022,0.00,-7.0184999999999995,28.0,35.0
26/09/2022,6.20,-7.026055555555555,28.0,34.0
27/09/2022,5.80,-6.984,27.0,33.0
28/09/2022,33.20,-6.906055555555556,27.0,34.0
29/09/2022,4.00,-6.863388888888889,26.0,32.0
30/09/2022,0.80,-6.849499999999998,27.0,32.0
01/10/2022,6.60,-6.857166666666668,25.0,29.0
02/10/2022,0.00,-6.8685,27.0,33.0
03/10/2022,0.00,-6.83688888888889,28.0,34.0
04/10/2022,0.00,-6.851944444444443,28.0,33.0
05/10/2022,0.40,-6.840888888888888,27.0,30.0
06/10/2022,0.40,-6.824611111111111,26.0,31.0
07/10/2022,0.60,-6.831277777777779,25.0,31.0
08/10/2022,4.80,-6.7755,25.0,30.0
09/10/2022,0.60,-6.763555555555556,26.0,30.0
10/10/2022,30.60,-6.754555555555554,26.0,30.0
11/10/2022,0.60,-6.704999999999999,26.0,31.0
12/10/2022,4.60,-6.644722222222223,26.0,30.0
13/10/2022,0.00,-6.661833333333334,26.0,32.0
14/10/2022,1.40,-6.621666666666667,26.0,31.0
15/10/2022,0.00,-6.617388888888889,26.0,31.0
16/10/2022,2.20,-6.670444444444445,26.0,31.0
17/10/2022,0.60,-6.651444444444445,26.0,30.0
18/10/2022,0.00,-6.679944444444445,25.0,32.0
19/10/2022,0.20,-6.738944444444446,26.0,31.0
20/10/2022,2.40,-6.681444444444445,26.0,32.0
21/10/2022,24.20,-6.629055555555556,26.0,29.0
22/10/2022,7.20,-6.559944444444445,26.0,30.0
23/10/2022,0.20,-6.546444444444443,25.0,31.0
24/10/2022,0.00,-6.4816666666666665,24.0,33.0
25/10/2022,0.20,-6.501500000000001,22.0,32.0
26/10/2022,0.00,-6.546388888888888,22.0,31.0
27/10/2022,4.80,-6.462777777777777,23.0,31.0
28/10/2022,1.00,-6.525777777777779,25.0,31.0
29/10/2022,0.00,-6.552166666666667,26.0,30.0
30/10/2022,0.40,-6.509777777777776,26.0,32.0
31/10/2022,54.60,-6.428666666666666,24.0,27.0
01/11/2022,99.00,-6.0811111111111105,23.0,24.0
02/11/2022,47.40,-5.6228333333333325,23.0,24.0
03/11/2022,39.20,-5.477944444444446,23.0,25.0
04/11/2022,5.60,-5.249333333333333,24.0,29.0
05/11/2022,1.80,-5.230611111111111,25.0,29.0
06/11/2022,,-5.185666666666667,25.0,31.0
07/11/2022,,-5.168444444444446,25.0,31.0
08/11/2022,,-5.120833333333334,24.0,30.0
09/11/2022,,-5.092944444444445,24.0,29.0
10/11/2022,,-5.074222222222222,25.0,30.0
11/11/2022,,-4.8581666666666665,24.0,26.0
12/11/2022,36.40,-4.799444444444444,24.0,27.0
13/11/2022,30.20,-4.5553333333333335,23.0,28.0
14/11/2022,15.00,-4.563222222222222,24.0,28.0
15/11/2022,0.40,-4.521444444444445,25.0,29.0
16/11/2022,0.20,-4.559277777777778,23.0,30.0
17/11/2022,0.00,-4.552499999999999,22.0,30.0
18/11/2022,0.00,-4.615666666666667,22.0,30.0
19/11/2022,0.00,-4.677944444444444,21.0,29.0
20/11/2022,0.00,-4.6228333333333325,22.0,26.0
21/11/2022,2.20,-4.632499999999999,21.0,23.0
22/11/2022,3.00,-4.634222222222223,21.0,25.0
23/11/2022,1.20,-4.665055555555556,23.0,28.0
24/11/2022,2.00,-4.7666666666666675,24.0,29.0
25/11/2022,0.20,-4.762611111111109,24.0,30.0
26/11/2022,0.00,-4.74511111111111,24.0,30.0
27/11/2022,0.00,-4.757166666666667,24.0,29.0
28/11/2022,0.00,-4.8309444444444445,25.0,28.0
29/11/2022,0.20,-4.936888888888888,22.0,30.0
30/11/2022,0.00,-4.909833333333334,23.0,29.0
01/12/2022,0.80,-4.9140555555555565,23.0,29.0
02/12/2022,0.00,-4.943944444444444,24.0,31.0
03/12/2022,0.00,-4.971444444444444,25.0,30.0
04/12/2022,0.00,-4.988444444444445,24.0,28.0
05/12/2022,0.20,-5.090944444444445,25.0,30.0
06/12/2022,0.00,-5.040333333333333,25.0,30.0
07/12/2022,0.00,-5.137777777777779,23.0,27.0
08/12/2022,8.20,-5.1160555555555565,20.0,25.0
09/12/2022,114.60,-4.554333333333334,20.0,23.0
10/12/2022,3.20,-4.321833333333334,22.0,24.0
11/12/2022,8.40,-4.331277777777777,22.0,28.0
12/12/2022,20.20,-4.259944444444445,24.0,28.0
13/12/2022,0.20,-4.252444444444445,25.0,29.0
14/12/2022,0.00,-4.264333333333333,24.0,29.0
15/12/2022,0.20,-4.4061666666666675,24.0,29.0
16/12/2022,0.00,-4.292944444444444,22.0,30.0
17/12/2022,0.00,-4.365166666666666,23.0,30.0
18/12/2022,0.00,-4.423,24.0,29.0
19/12/2022,0.00,-4.473000000000002,23.0,29.0
20/12/2022,0.20,-4.43011111111111,23.0,26.0
21/12/2022,0.00,-4.444277777777778,23.0,27.0
22/12/2022,0.00,-4.5184999999999995,22.0,29.0
23/12/2022,0.00,-4.558111111111111,22.0,29.0
24/12/2022,13.00,-4.548833333333332,23.0,29.0
25/12/2022,23.00,-4.524055555555556,24.0,28.0
26/12/2022,2.60,-4.477333333333333,24.0,28.0
27/12/2022,0.20,-4.513277777777777,25.0,29.0
28/12/2022,0.00,-4.528777777777777,24.0,30.0
29/12/2022,0.00,-4.628555555555556,23.0,30.0
30/12/2022,0.00,-4.5680555555555555,23.0,30.0
31/12/2022,0.00,-4.603055555555557,22.0,30.0
01/01/2023,0.20,-4.592888888888889,22.0,30.0
01/01/2023,0.20,-4.592888888888889,22.0,30.0
02/01/2023,0.00,-4.692111111111112,23.0,28.0
02/01/2023,0.00,-4.692111111111112,23.0,28.0
03/01/2023,0.00,-4.66411111111111,22.0,29.0
03/01/2023,0.00,-4.66411111111111,22.0,29.0
04/01/2023,0.00,-4.730777777777778,23.0,29.0
04/01/2023,0.00,-4.730777777777778,23.0,29.0
05/01/2023,0.00,-4.745722222222223,24.0,30.0
05/01/2023,0.00,-4.745722222222223,24.0,30.0
06/01/2023,0.00,-4.785388888888889,24.0,29.0
06/01/2023,0.00,-4.785388888888889,24.0,29.0
07/01/2023,3.40,-4.821833333333332,24.0,28.0
07/01/2023,3.40,-4.821833333333332,24.0,28.0
08/01/2023,0.00,-4.833666666666667,24.0,29.0
08/01/2023,0.00,-4.833666666666667,24.0,29.0
09/01/2023,0.00,-4.895111111111111,22.0,29.0
10/01/2023,0.00,-4.963722222222223,21.0,29.0
11/01/2023,0.00,-4.929833333333334,20.0,28.0
12/01/2023,0.00,-5.020166666666667,20.0,29.0
13/01/2023,0.00,-5.0183333333333335,21.0,29.0
14/01/2023,0.00,-5.069388888888889,20.0,29.0
15/01/2023,0.00,-4.947888888888889,19.0,28.0
16/01/2023,0.00,-4.975388888888888,18.0,29.0
17/01/2023,0.00,-5.043222222222223,21.0,29.0
18/01/2023,0.00,-5.063833333333333,22.0,29.0
19/01/2023,0.00,-5.034055555555556,22.0,29.0
20/01/2023,0.00,-5.0472222222222225,23.0,30.0
21/01/2023,0.00,-5.144666666666666,23.0,30.0
22/01/2023,0.00,-5.142166666666666,22.0,30.0
23/01/2023,0.00,-5.190222222222223,23.0,28.0
24/01/2023,0.00,-5.1915555555555555,23.0,30.0
25/01/2023,0.00,-5.207277777777778,23.0,28.0
26/01/2023,0.00,-5.189000000000001,22.0,30.0
27/01/2023,0.00,-5.293166666666666,22.0,30.0
28/01/2023,0.00,-5.312888888888889,20.0,28.0
29/01/2023,0.00,-5.263333333333332,23.0,30.0
30/01/2023,0.00,-5.267333333333335,25.0,29.0
31/01/2023,0.00,-5.400444444444445,25.0,28.0
01/02/2023,,-5.386777777777777,25.0,27.0
02/02/2023,,-5.384222222222223,25.0,31.0
03/02/2023,,-5.415222222222222,24.0,30.0
04/02/2023,,-5.422055555555556,24.0,31.0
05/02/2023,,-5.3965,21.0,31.0
06/02/2023,,-5.606055555555554,21.0,31.0
07/02/2023,,-5.565611111111111,22.0,31.0
08/02/2023,,-5.549444444444443,22.0,31.0
09/02/2023,0.00,-5.58261111111111,21.0,31.0
10/02/2023,0.00,-5.653444444444444,20.0,31.0
11/02/2023,0.00,-5.594444444444445,21.0,32.0
12/02/2023,0.20,-5.591611111111111,20.0,30.0
13/02/2023,0.00,-5.6465,19.0,31.0
14/02/2023,0.00,-5.669444444444445,20.0,31.0
15/02/2023,0.00,-5.687666666666667,20.0,31.0
16/02/2023,0.00,-5.7188333333333325,21.0,31.0
17/02/2023,0.00,-5.852444444444445,20.0,30.0
18/02/2023,0.00,-5.803388888888889,21.0,30.0
19/02/2023,0.00,-5.841666666666668,23.0,30.0
20/02/2023,0.00,-5.891166666666667,21.0,32.0
21/02/2023,0.00,-5.872833333333333,19.0,32.0
22/02/2023,0.00,-5.920444444444445,21.0,30.0
23/02/2023,0.00,-5.967555555555558,20.0,30.0
24/02/2023,0.00,-5.982222222222222,20.0,30.0
25/02/2023,0.00,-5.983277777777778,19.0,31.0
26/02/2023,0.00,-6.013388888888889,20.0,29.0
27/02/2023,0.00,-6.0347777777777765,21.0,32.0
28/02/2023,0.00,-6.07038888888889,22.0,30.0
01/03/2023,0.00,-6.088444444444445,23.0,30.0
02/03/2023,0.00,-6.077055555555556,23.0,32.0
03/03/2023,0.00,-6.097333333333334,22.0,30.0
04/03/2023,0.00,-6.2076111111111105,22.0,31.0
05/03/2023,0.00,-6.203888888888888,23.0,33.0
06/03/2023,0.00,-6.110055555555555,22.0,33.0
07/03/2023,0.00,-6.15861111111111,23.0,32.0
08/03/2023,0.00,-6.211777777777778,24.0,33.0
09/03/2023,0.00,-6.168666666666667,24.0,30.0
10/03/2023,0.00,-6.274166666666667,24.0,32.0
11/03/2023,0.00,-6.240833333333334,22.0,33.0
12/03/2023,0.00,-6.228388888888889,22.0,33.0
13/03/2023,0.00,-6.204722222222221,22.0,33.0
14/03/2023,0.00,-6.304666666666666,24.0,34.0
15/03/2023,0.00,-6.260666666666668,23.0,34.0
16/03/2023,0.00,-6.290222222222224,24.0,34.0
17/03/2023,5.40,-6.288333333333333,25.0,34.0
18/03/2023,4.40,-6.299,26.0,33.0
19/03/2023,0.60,-6.304555555555556,25.0,35.0
20/03/2023,19.00,-6.231277777777778,24.0,31.0
21/03/2023,0.20,-6.245111111111111,26.0,32.0
22/03/2023,0.00,-6.322111111111111,26.0,33.0
23/03/2023,0.00,-6.27838888888889,26.0,35.0
24/03/2023,0.00,-6.272166666666667,26.0,35.0
25/03/2023,0.00,-6.36011111111111,27.0,35.0
26/03/2023,0.00,-6.337944444444444,27.0,35.0
27/03/2023,0.00,-6.340666666666667,27.0,35.0
28/03/2023,0.00,-6.4398333333333335,27.0,36.0
29/03/2023,0.00,-6.424777777777777,26.0,36.0
30/03/2023,0.00,-6.4178333333333315,26.0,36.0
31/03/2023,0.00,-6.4524444444444455,26.0,36.0
01/04/2023,0.00,-6.474499999999999,27.0,34.0
02/04/2023,0.00,-6.501833333333333,26.0,35.0
03/04/2023,0.00,-6.501888888888889,27.0,35.0
04/04/2023,0.00,-6.582166666666666,27.0,35.0
05/04/2023,0.00,-6.576833333333333,27.0,35.0
06/04/2023,0.00,-6.565999999999999,26.0,35.0
07/04/2023,0.00,-6.577611111111111,26.0,34.0
08/04/2023,0.00,-6.651888888888889,26.0,35.0
09/04/2023,0.00,-6.707888888888889,26.0,34.0
10/04/2023,0.00,-6.63661111111111,26.0,34.0
11/04/2023,0.00,-6.686333333333333,26.0,35.0
12/04/2023,0.00,-6.692000000000001,24.0,36.0
13/04/2023,0.00,-6.716777777777779,24.0,37.0
14/04/2023,0.00,-6.702388888888888,25.0,37.0
15/04/2023,0.00,-6.785777777777778,25.0,37.0
16/04/2023,0.00,-6.787777777777778,26.0,38.0
17/04/2023,0.00,-6.844166666666666,27.0,37.0
18/04/2023,0.00,-6.822055555555555,26.0,37.0
19/04/2023,0.00,-6.762111111111111,26.0,37.0
20/04/2023,0.00,-6.8020555555555555,27.0,38.0
21/04/2023,0.00,-6.836555555555556,27.0,37.0
21/04/2023,0.00,-6.836555555555556,27.0,37.0
21/04/2023,0.00,-6.836555555555556,27.0,37.0
22/04/2023,0.20,-6.862277777777778,28.0,37.0
22/04/2023,0.20,-6.862277777777778,28.0,37.0
23/04/2023,0.00,-6.838666666666667,28.0,36.0
23/04/2023,0.00,-6.838666666666667,28.0,36.0
23/04/2023,0.00,-6.838666666666667,28.0,36.0
24/04/2023,0.20,-6.866777777777778,26.0,35.0
24/04/2023,0.20,-6.866777777777778,26.0,35.0
24/04/2023,0.20,-6.866777777777778,26.0,35.0
25/04/2023,0.00,-6.932944444444447,28.0,35.0
25/04/2023,0.00,-6.932944444444447,28.0,35.0
25/04/2023,0.00,-6.932944444444447,28.0,35.0
26/04/2023,0.00,-6.914888888888889,28.0,34.0
26/04/2023,0.00,-6.914888888888889,28.0,34.0
26/04/2023,0.00,-6.914888888888889,28.0,34.0
27/04/2023,0.00,-6.9624999999999995,27.0,36.0
27/04/2023,0.00,-6.9624999999999995,27.0,36.0
27/04/2023,0.00,-6.9624999999999995,27.0,36.0
28/04/2023,0.00,-6.998722222222222,28.0,36.0
28/04/2023,0.00,-6.998722222222222,28.0,36.0
28/04/2023,0.00,-6.998722222222222,28.0,36.0
29/04/2023,0.00,-6.961999999999999,28.0,35.0
29/04/2023,0.00,-6.961999999999999,28.0,35.0
29/04/2023,0.00,-6.961999999999999,28.0,35.0
30/04/2023,0.00,-6.973611111111111,28.0,35.0
30/04/2023,0.00,-6.973611111111111,28.0,35.0
30/04/2023,0.00,-6.973611111111111,28.0,35.0
01/05/2023,13.80,-6.952444444444443,27.0,32.0
01/05/2023,13.80,-6.952444444444443,27.0,32.0
01/05/2023,13.80,-6.952444444444443,27.0,32.0
02/05/2023,27.20,-6.80422222222222,26.0,28.0
02/05/2023,27.20,-6.80422222222222,26.0,28.0
02/05/2023,27.20,-6.80422222222222,26.0,28.0
03/05/2023,5.20,-6.862777777777778,26.0,32.0
03/05/2023,5.20,-6.862777777777778,26.0,32.0
03/05/2023,5.20,-6.862777777777778,26.0,32.0
04/05/2023,0.00,-6.830388888888888,26.0,29.0
04/05/2023,0.00,-6.830388888888888,26.0,29.0
04/05/2023,0.00,-6.830388888888888,26.0,29.0
05/05/2023,0.00,-6.861611111111112,27.0,32.0
05/05/2023,0.00,-6.861611111111112,27.0,32.0
05/05/2023,0.00,-6.861611111111112,27.0,32.0
06/05/2023,0.00,-6.871222222222221,27.0,32.0
06/05/2023,0.00,-6.871222222222221,27.0,32.0
06/05/2023,0.00,-6.871222222222221,27.0,32.0
07/05/2023,0.20,-6.847777777777778,26.0,34.0
07/05/2023,0.20,-6.847777777777778,26.0,34.0
07/05/2023,0.20,-6.847777777777778,26.0,34.0
08/05/2023,0.00,-6.794555555555558,27.0,34.0
08/05/2023,0.00,-6.794555555555558,27.0,34.0
08/05/2023,0.00,-6.794555555555558,27.0,34.0
09/05/2023,0.00,-6.868722222222221,27.0,35.0
09/05/2023,0.00,-6.868722222222221,27.0,35.0
09/05/2023,0.00,-6.868722222222221,27.0,35.0
10/05/2023,0.00,-6.84888888888889,28.0,35.0
10/05/2023,0.00,-6.84888888888889,28.0,35.0
10/05/2023,0.00,-6.84888888888889,28.0,35.0
11/05/2023,0.00,-6.8856111111111105,28.0,36.0
11/05/2023,0.00,-6.8856111111111105,28.0,36.0
11/05/2023,0.00,-6.8856111111111105,28.0,36.0
12/05/2023,0.00,-6.923055555555555,28.0,38.0
12/05/2023,0.00,-6.923055555555555,28.0,38.0
12/05/2023,0.00,-6.923055555555555,28.0,38.0
13/05/2023,0.00,-6.952166666666666,29.0,39.0
13/05/2023,0.00,-6.952166666666666,29.0,39.0
13/05/2023,0.00,-6.952166666666666,29.0,39.0
14/05/2023,0.00,-7.549388888888888,30.0,40.0
14/05/2023,0.00,-7.549388888888888,30.0,40.0
14/05/2023,0.00,-7.549388888888888,30.0,40.0
15/05/2023,0.00,-6.955722222222223,30.0,40.0
15/05/2023,0.00,-6.955722222222223,30.0,40.0
15/05/2023,0.00,-6.955722222222223,30.0,40.0
16/05/2023,0.00,-7.166333333333333,29.0,39.0
16/05/2023,0.00,-7.166333333333333,29.0,39.0
16/05/2023,0.00,-7.166333333333333,29.0,39.0
17/05/2023,0.00,-6.989666666666666,30.0,38.0
17/05/2023,0.00,-6.989666666666666,30.0,38.0
17/05/2023,0.00,-6.989666666666666,30.0,38.0
18/05/2023,0.00,-7.0007777777777775,29.0,37.0
18/05/2023,0.00,-7.0007777777777775,29.0,37.0
18/05/2023,0.00,-7.0007777777777775,29.0,37.0
19/05/2023,0.00,-6.980222222222222,28.0,37.0
19/05/2023,0.00,-6.980222222222222,28.0,37.0
19/05/2023,0.00,-6.980222222222222,28.0,37.0
20/05/2023,0.00,-7.020166666666666,29.0,37.0
20/05/2023,0.00,-7.020166666666666,29.0,37.0
20/05/2023,0.00,-7.020166666666666,29.0,37.0
21/05/2023,0.00,-6.924722222222222,29.0,37.0
22/05/2023,0.00,-6.986055555555556,29.0,37.0
23/05/2023,0.00,-7.009111111111112,29.0,37.0
24/05/2023,0.00,-7.024222222222223,29.0,38.0
25/05/2023,0.00,-7.0471111111111115,30.0,39.0
26/05/2023,0.00,-7.023722222222222,30.0,39.0
27/05/2023,0.00,-7.0778333333333325,30.0,39.0
28/05/2023,0.00,-7.057722222222223,30.0,38.0
29/05/2023,0.00,-7.093277777777778,29.0,38.0
30/05/2023,0.20,-7.104222222222223,29.0,37.0
30/05/2023,0.20,-7.104222222222223,29.0,37.0
30/05/2023,0.20,-7.104222222222223,29.0,37.0
31/05/2023,0.00,-7.12588888888889,29.0,36.0
01/06/2023,0.00,-7.102833333333333,29.0,38.0
01/06/2023,0.00,-7.102833333333333,29.0,38.0
01/06/2023,0.00,-7.102833333333333,29.0,38.0
01/06/2023,0.00,-7.102833333333333,29.0,38.0
02/06/2023,0.00,-7.147666666666668,30.0,40.0
02/06/2023,0.00,-7.147666666666668,30.0,40.0
02/06/2023,0.00,-7.147666666666668,30.0,40.0
02/06/2023,0.00,-7.147666666666668,30.0,40.0
03/06/2023,0.00,-7.1480555555555565,30.0,40.0
03/06/2023,0.00,-7.1480555555555565,30.0,40.0
03/06/2023,0.00,-7.1480555555555565,30.0,40.0
03/06/2023,0.00,-7.1480555555555565,30.0,40.0
04/06/2023,0.00,-7.1785,31.0,39.0
04/06/2023,0.00,-7.1785,31.0,39.0
04/06/2023,0.00,-7.1785,31.0,39.0
04/06/2023,0.00,-7.1785,31.0,39.0
05/06/2023,0.00,-7.179166666666666,30.0,40.0
05/06/2023,0.00,-7.179166666666666,30.0,40.0
05/06/2023,0.00,-7.179166666666666,30.0,40.0
05/06/2023,0.00,-7.179166666666666,30.0,40.0
06/06/2023,0.00,-7.137388888888888,29.0,40.0
06/06/2023,0.00,-7.137388888888888,29.0,40.0
06/06/2023,0.00,-7.137388888888888,29.0,40.0
06/06/2023,0.00,-7.137388888888888,29.0,40.0
07/06/2023,0.20,-7.207722222222222,30.0,39.0
07/06/2023,0.20,-7.207722222222222,30.0,39.0
07/06/2023,0.20,-7.207722222222222,30.0,39.0
07/06/2023,0.20,-7.207722222222222,30.0,39.0
08/06/2023,0.20,-7.2603888888888894,31.0,39.0
08/06/2023,0.20,-7.2603888888888894,31.0,39.0
08/06/2023,0.20,-7.2603888888888894,31.0,39.0
08/06/2023,0.20,-7.2603888888888894,31.0,39.0
09/06/2023,0.00,-7.252666666666668,29.0,39.0
09/06/2023,0.00,-7.252666666666668,29.0,39.0
09/06/2023,0.00,-7.252666666666668,29.0,39.0
09/06/2023,0.00,-7.252666666666668,29.0,39.0
10/06/2023,0.20,-7.2415,30.0,38.0
10/06/2023,0.20,-7.2415,30.0,38.0
10/06/2023,0.20,-7.2415,30.0,38.0
10/06/2023,0.20,-7.2415,30.0,38.0
11/06/2023,1.00,-7.2346666666666675,31.0,39.0
11/06/2023,1.00,-7.2346666666666675,31.0,39.0
12/06/2023,0.20,-7.2810000000000015,29.0,39.0
12/06/2023,0.20,-7.2810000000000015,29.0,39.0
13/06/2023,0.20,-7.310222222222222,31.0,39.0
13/06/2023,0.20,-7.310222222222222,31.0,39.0
14/06/2023,0.00,-7.322500000000002,30.0,39.0
14/06/2023,0.00,-7.322500000000002,30.0,39.0
15/06/2023,0.00,-7.363444444444444,31.0,38.0
15/06/2023,0.00,-7.363444444444444,31.0,38.0
16/06/2023,0.00,-7.599222222222222,30.0,40.0
16/06/2023,0.00,-7.599222222222222,30.0,40.0
17/06/2023,0.00,-7.434944444444445,29.0,35.0
17/06/2023,0.00,-7.434944444444445,29.0,35.0
18/06/2023,5.60,-7.370333333333331,27.0,33.0
18/06/2023,5.60,-7.370333333333331,27.0,33.0
19/06/2023,142.00,-7.158722222222224,26.0,34.0
19/06/2023,142.00,-7.158722222222224,26.0,34.0
20/06/2023,27.00,-7.0043333333333315,26.0,34.0
20/06/2023,27.00,-7.0043333333333315,26.0,34.0
21/06/2023,2.40,-6.8870555555555555,27.0,34.0
21/06/2023,2.40,-6.8870555555555555,27.0,34.0
22/06/2023,26.00,-6.899777777777778,28.0,34.0
22/06/2023,26.00,-6.899777777777778,28.0,34.0
23/06/2023,0.20,-6.834055555555557,28.0,35.0
23/06/2023,0.20,-6.834055555555557,28.0,35.0
24/06/2023,0.00,-6.800166666666667,28.0,34.0
24/06/2023,0.00,-6.800166666666667,28.0,34.0
25/06/2023,0.00,-6.852055555555555,29.0,34.0
26/06/2023,0.00,-6.793500000000001,29.0,35.0
27/06/2023,0.00,-6.747444444444444,28.0,36.0
28/06/2023,0.00,-6.769444444444444,27.0,36.0
28/06/2023,0.00,-6.769444444444444,27.0,36.0
29/06/2023,0.00,-6.804722222222222,29.0,36.0
29/06/2023,0.00,-6.804722222222222,29.0,36.0
30/06/2023,0.00,-6.788222222222221,28.0,34.0
30/06/2023,0.00,-6.788222222222221,28.0,34.0
01/07/2023,0.00,-6.8145,28.0,34.0
01/07/2023,0.00,-6.8145,28.0,34.0
02/07/2023,2.60,-6.800000000000001,26.0,32.0
02/07/2023,2.60,-6.800000000000001,26.0,32.0
03/07/2023,2.00,-6.801111111111112,25.0,29.0
03/07/2023,2.00,-6.801111111111112,25.0,29.0
04/07/2023,0.00,-6.820611111111112,26.0,30.0
04/07/2023,0.00,-6.820611111111112,26.0,30.0
05/07/2023,0.00,-6.849166666666668,27.0,32.0
05/07/2023,0.00,-6.849166666666668,27.0,32.0
06/07/2023,0.00,-6.877055555555555,27.0,33.0
06/07/2023,0.00,-6.877055555555555,27.0,33.0
07/07/2023,0.00,-6.9511111111111115,27.0,34.0
07/07/2023,0.00,-6.9511111111111115,27.0,34.0
08/07/2023,0.00,-6.9943888888888885,28.0,33.0
08/07/2023,0.00,-6.9943888888888885,28.0,33.0
09/07/2023,12.60,-7.015222222222222,29.0,35.0
09/07/2023,12.60,-7.015222222222222,29.0,35.0
10/07/2023,0.60,-6.960222222222223,28.0,33.0
10/07/2023,0.60,-6.960222222222223,28.0,33.0
11/07/2023,0.20,-6.956777777777778,25.0,30.0
11/07/2023,0.20,-6.956777777777778,25.0,30.0
12/07/2023,0.20,-6.936833333333333,25.0,31.0
12/07/2023,0.20,-6.936833333333333,25.0,31.0
13/07/2023,17.20,-6.977777777777779,28.0,35.0
13/07/2023,17.20,-6.977777777777779,28.0,35.0
14/07/2023,0.20,-6.950833333333334,28.0,35.0
14/07/2023,0.20,-6.950833333333334,28.0,35.0
15/07/2023,0.20,-7.02138888888889,28.0,36.0
15/07/2023,0.20,-7.02138888888889,28.0,36.0
16/07/2023,0.00,-7.005833333333333,29.0,36.0
16/07/2023,0.00,-7.005833333333333,29.0,36.0
17/07/2023,0.00,-7.0452777777777795,28.0,36.0
17/07/2023,0.00,-7.0452777777777795,28.0,36.0
18/07/2023,0.20,-7.038166666666665,29.0,36.0
18/07/2023,0.20,-7.038166666666665,29.0,36.0
19/07/2023,0.00,-7.012,29.0,37.0
19/07/2023,0.00,-7.012,29.0,37.0
20/07/2023,0.00,-7.068722222222224,28.0,36.0
20/07/2023,0.00,-7.068722222222224,28.0,36.0
21/07/2023,0.00,-7.078666666666668,29.0,37.0
21/07/2023,0.00,-7.078666666666668,29.0,37.0
22/07/2023,5.00,-7.148666666666666,28.0,35.0
23/07/2023,0.80,-7.0619444444444435,27.0,33.0
24/07/2023,23.40,-7.035722222222222,27.0,32.0
25/07/2023,2.40,-7.006777777777777,25.0,28.0
26/07/2023,0.20,-7.0473333333333334,25.0,29.0
27/07/2023,0.00,-7.100333333333334,27.0,33.0
28/07/2023,0.00,-7.109,27.0,36.0
29/07/2023,0.00,-7.124388888888889,27.0,37.0
30/07/2023,0.00,-7.187111111111111,28.0,36.0
31/07/2023,0.00,-7.122444444444444,29.0,36.0
01/08/2023,0.00,-7.184888888888889,29.0,36.0
02/08/2023,0.00,-7.445555555555554,28.0,36.0
03/08/2023,0.00,-7.461722222222223,28.0,38.0
04/08/2023,0.00,-7.588333333333332,28.0,36.0
05/08/2023,0.00,-7.458277777777779,28.0,35.0
06/08/2023,0.20,-8.80188888888889,29.0,35.0
07/08/2023,0.00,-7.389333333333332,29.0,35.0
08/08/2023,0.00,-7.319833333333333,29.0,35.0
09/08/2023,0.00,-7.347055555555556,29.0,34.0
10/08/2023,16.20,-7.380555555555556,27.0,34.0
11/08/2023,0.00,-7.372777777777778,25.0,33.0
12/08/2023,13.00,-7.355722222222222,26.0,35.0
13/08/2023,4.20,-7.393166666666667,27.0,34.0
14/08/2023,79.60,-7.104611111111111,27.0,34.0
15/08/2023,0.60,-7.040944444444445,27.0,34.0
16/08/2023,0.00,-7.14972222222222,27.0,34.0
17/08/2023,36.80,-7.023222222222222,27.0,34.0
18/08/2023,5.20,-6.927944444444444,28.0,34.0
19/08/2023,1.80,-6.890111111111112,29.0,36.0
20/08/2023,0.20,-6.899222222222223,28.0,34.0
21/08/2023,0.00,-6.856333333333333,28.0,34.0
22/08/2023,0.00,-6.880333333333334,28.0,34.0
23/08/2023,1.20,-6.7734999999999985,27.0,34.0
24/08/2023,23.20,-6.713499999999999,28.0,34.0
25/08/2023,0.00,-6.6690555555555555,28.0,33.0
26/08/2023,0.20,-6.758611111111112,27.0,31.0
27/08/2023,18.80,-6.658888888888889,26.0,32.0
28/08/2023,0.20,-6.712444444444444,28.0,35.0
29/08/2023,29.60,-6.651833333333333,26.0,34.0
30/08/2023,0.20,-6.595055555555555,27.0,33.0
31/08/2023,0.20,-6.4785,26.0,34.0
01/09/2023,0.00,-6.46188888888889,26.0,34.0
02/09/2023,0.00,-6.5281666666666665,26.0,35.0
03/09/2023,20.20,-6.405833333333334,26.0,33.0
04/09/2023,0.60,-6.4975555555555555,26.0,30.0
05/09/2023,0.00,-6.395722222222223,27.0,30.0
06/09/2023,0.00,-6.410722222222223,27.0,33.0
07/09/2023,47.00,-6.453777777777777,27.0,33.0
08/09/2023,0.00,-6.409333333333334,27.0,35.0
09/09/2023,0.00,-6.300111111111111,28.0,35.0
10/09/2023,0.20,-6.296444444444445,28.0,34.0
11/09/2023,0.20,-6.3342777777777775,28.0,30.0
12/09/2023,0.00,-6.327055555555555,27.0,35.0
13/09/2023,1.40,-6.407388888888889,28.0,34.0
14/09/2023,1.60,-6.345055555555554,27.0,35.0
15/09/2023,0.00,-6.300111111111111,28.0,35.0
16/09/2023,47.00,-6.349777777777778,28.0,35.0
16/09/2023,47.00,-6.349777777777778,28.0,35.0
17/09/2023,4.80,-6.135777777777778,26.0,33.0
17/09/2023,4.80,-6.135777777777778,26.0,33.0
18/09/2023,3.40,-6.110833333333334,26.0,34.0
18/09/2023,3.40,-6.110833333333334,26.0,34.0
19/09/2023,1.80,-6.103999999999998,25.0,34.0
20/09/2023,0.00,-6.081333333333332,28.0,34.0
21/09/2023,17.80,-6.109111111111111,27.0,33.0
22/09/2023,0.00,-6.087444444444444,25.0,33.0
23/09/2023,6.60,-6.090611111111112,25.0,34.0
24/09/2023,2.40,-6.065777777777778,24.0,32.0
25/09/2023,3.00,-6.18838888888889,27.0,31.0
26/09/2023,3.20,-6.155166666666667,27.0,33.0
27/09/2023,21.60,-6.174166666666666,27.0,34.0
28/09/2023,0.20,-6.095277777777778,26.0,34.0
29/09/2023,36.20,-6.021444444444444,27.0,34.0
30/09/2023,0.20,-6.043166666666667,27.0,32.0
01/10/2023,,-5.9496111111111105,27.0,32.0
02/10/2023,,-6.047444444444444,27.0,34.0
03/10/2023,,-6.0455000000000005,27.0,33.0
04/10/2023,,-6.074611111111112,26.0,35.0
05/10/2023,,-6.061388888888889,27.0,34.0
06/10/2023,,-6.047555555555556,28.0,33.0
07/10/2023,,-6.064611111111112,26.0,32.0
08/10/2023,,-6.027222222222222,27.0,32.0
09/10/2023,,-6.065111111111111,24.0,31.0
10/10/2023,,-6.072055555555557,27.0,31.0
11/10/2023,,-6.122666666666667,27.0,32.0
12/10/2023,,-6.264055555555556,26.0,31.0
13/10/2023,,-6.173388888888889,26.0,30.0
14/10/2023,,-6.234111111111111,25.0,31.0
15/10/2023,,-6.199277777777778,26.0,31.0
16/10/2023,,-6.186944444444445,27.0,30.0
17/10/2023,,-6.2589444444444435,27.0,31.0
18/10/2023,,-6.231055555555555,26.0,31.0
19/10/2023,0.00,-6.293777777777776,26.0,31.0
20/10/2023,0.00,-6.313777777777779,26.0,31.0
21/10/2023,1.80,-6.213055555555556,26.0,31.0
22/10/2023,0.00,-6.222333333333334,26.0,31.0
23/10/2023,0.20,-6.2416111111111094,26.0,32.0
24/10/2023,0.00,-6.291666666666668,24.0,31.0
25/10/2023,0.00,-6.232499999999999,24.0,31.0
26/10/2023,0.00,-6.247055555555558,25.0,31.0
27/10/2023,0.00,-6.309888888888889,25.0,30.0
28/10/2023,2.60,-6.326666666666667,26.0,30.0
29/10/2023,2.00,-6.372166666666668,26.0,30.0
30/10/2023,29.20,-6.205388888888889,27.0,31.0
31/10/2023,2.40,-6.2125,27.0,31.0
01/11/2023,6.00,-6.214277777777777,25.0,31.0
02/11/2023,1.80,-6.161777777777777,26.0,30.0
03/11/2023,14.60,-6.145333333333334,26.0,30.0
04/11/2023,26.80,-6.056555555555556,26.0,30.0
05/11/2023,0.20,-6.033222222222222,25.0,30.0
06/11/2023,19.20,-6.068555555555554,25.0,29.0
07/11/2023,13.60,-6.0105,26.0,30.0
08/11/2023,4.60,-5.993277777777778,25.0,28.0
09/11/2023,24.40,-6.001777777777779,26.0,28.0
10/11/2023,2.20,-5.962166666666667,26.0,30.0
11/11/2023,0.00,-5.954888888888888,25.0,29.0
12/11/2023,0.00,-5.884055555555557,25.0,30.0
13/11/2023,10.20,-5.862555555555556,26.0,30.0
14/11/2023,73.60,-5.6724444444444435,23.0,25.0
15/11/2023,18.20,-5.4478333333333335,24.0,25.0
16/11/2023,0.00,-5.4512222222222215,24.0,31.0
17/11/2023,0.00,-5.471777777777777,25.0,30.0
18/11/2023,0.00,-5.505833333333333,25.0,30.0
19/11/2023,0.60,-5.508999999999999,25.0,29.0
20/11/2023,8.80,-5.4704444444444436,25.0,28.0
21/11/2023,47.40,-5.329833333333332,25.0,29.0
22/11/2023,33.40,-5.0953333333333335,25.0,28.0
23/11/2023,7.20,-5.049611111111109,25.0,29.0
24/11/2023,0.20,-5.051611111111111,25.0,29.0
25/11/2023,33.00,-4.935777777777776,25.0,28.0
26/11/2023,22.00,-4.7925,26.0,29.0
27/11/2023,26.00,-4.711944444444445,25.0,29.0
28/11/2023,3.80,-4.691666666666666,25.0,28.0
29/11/2023,104.00,-4.320833333333333,24.0,27.0
30/11/2023,47.00,-3.9869444444444446,24.0,25.0
01/12/2023,1.60,-3.967277777777778,24.0,29.0
02/12/2023,30.20,-3.9003333333333328,25.0,27.0
03/12/2023,88.80,-3.572222222222222,23.0,26.0
04/12/2023,317.40,-1.7816111111111113,23.0,25.0
05/12/2023,2.00,-2.245944444444445,23.0,31.0
06/12/2023,0.00,-2.6235555555555554,25.0,30.0
07/12/2023,0.00,-2.9056111111111114,26.0,30.0
08/12/2023,0.40,-3.0748333333333333,25.0,29.0
09/12/2023,0.20,-3.2522222222222217,25.0,29.0
10/12/2023,0.00,-3.3486666666666665,25.0,29.0
11/12/2023,0.00,-3.479944444444445,25.0,28.0
12/12/2023,0.00,-3.645,24.0,28.0
13/12/2023,0.00,-3.702888888888889,24.0,27.0
14/12/2023,0.00,-3.7660555555555555,24.0,28.0
15/12/2023,5.00,-3.805999999999999,25.0,26.0
16/12/2023,0.40,-3.9058888888888896,25.0,27.0
17/12/2023,0.00,-3.9777222222222224,24.0,27.0
18/12/2023,0.00,-3.9805,25.0,28.0
19/12/2023,0.00,-4.029333333333334,24.0,28.0
20/12/2023,0.00,-4.093222222222223,24.0,28.0
21/12/2023,0.00,-4.145055555555555,24.0,28.0
22/12/2023,0.00,-4.1855,23.0,27.0
23/12/2023,0.00,-4.269499999999999,22.0,26.0
24/12/2023,0.00,-4.2362222222222226,23.0,27.0
25/12/2023,0.00,-4.282166666666665,24.0,27.0
26/12/2023,0.00,-4.342444444444443,24.0,28.0
27/12/2023,0.00,-4.350722222222222,23.0,28.0
28/12/2023,0.00,-4.361999999999999,25.0,28.0
29/12/2023,0.00,-4.394722222222222,24.0,27.0
30/12/2023,0.00,-4.463944444444445,24.0,28.0
31/12/2023,0.00,-4.441333333333334,23.0,28.0
01/01/2024,0.00,-4.50911111111111,24.0,28.0
02/01/2024,0.00,-4.571277777777777,22.0,27.0
03/01/2024,0.00,-4.586222222222222,23.0,27.0
04/01/2024,4.80,-4.670777777777778,24.0,28.0
05/01/2024,0.60,-4.661166666666666,24.0,28.0
06/01/2024,0.60,-4.613111111111112,24.0,26.0
07/01/2024,3.60,-4.529944444444443,25.0,27.0
08/01/2024,9.80,-4.579111111111111,24.0,25.0
09/01/2024,0.20,-4.6034444444444444,25.0,28.0
10/01/2024,0.00,-4.606611111111111,25.0,28.0
11/01/2024,0.20,-4.625111111111112,24.0,28.0
12/01/2024,0.00,-4.625111111111112,24.0,28.0
13/01/2024,0.00,-4.7044999999999995,25.0,28.0
14/01/2024,0.20,-4.737888888888889,23.0,28.0
15/01/2024,0.00,-4.624388888888889,23.0,27.0
16/01/2024,0.00,-4.720388888888888,23.0,28.0
17/01/2024,0.20,-4.6611111111111105,23.0,27.0
18/01/2024,0.00,-4.715055555555557,22.0,28.0
19/01/2024,0.00,-4.724555555555556,23.0,29.0
20/01/2024,0.00,-4.801888888888888,24.0,29.0
21/01/2024,0.20,-4.786944444444445,24.0,29.0
22/01/2024,0.00,-4.89411111111111,24.0,29.0
23/01/2024,0.00,-4.899388888888889,24.0,28.0
24/01/2024,0.00,-4.9782777777777785,24.0,29.0
25/01/2024,0.20,-4.9896666666666665,24.0,29.0
26/01/2024,0.00,-5.0121111111111105,24.0,28.0
27/01/2024,0.20,-5.075666666666666,23.0,28.0
28/01/2024,0.40,-5.086166666666667,24.0,28.0
29/01/2024,0.00,-5.170111111111111,23.0,28.0
30/01/2024,0.00,-5.134611111111111,22.0,27.0
31/01/2024,0.20,-5.180055555555556,24.0,29.0
01/02/2024,0.00,-5.222,24.0,30.0
02/02/2024,0.00,-5.244499999999999,25.0,29.0
03/02/2024,0.00,-5.363166666666667,25.0,30.0
04/02/2024,0.00,-5.317222222222222,24.0,29.0
05/02/2024,0.00,-5.373222222222222,24.0,29.0
06/02/2024,0.00,-5.376055555555556,23.0,29.0
07/02/2024,0.00,-5.415888888888889,22.0,30.0
08/02/2024,0.00,-5.437722222222222,22.0,30.0
09/02/2024,0.00,-5.516833333333334,23.0,29.0
10/02/2024,0.00,-5.525000000000001,25.0,29.0
11/02/2024,0.00,-5.556,25.0,29.0
12/02/2024,0.00,-5.545277777777778,24.0,28.0
13/02/2024,0.00,-5.57111111111111,24.0,29.0
14/02/2024,0.00,-5.59822222222222,25.0,29.0
15/02/2024,0.00,-5.622277777777778,23.0,29.0
16/02/2024,0.00,-5.686499999999999,23.0,29.0
17/02/2024,0.00,-5.678611111111111,23.0,29.0
18/02/2024,0.00,-5.712777777777778,23.0,30.0
19/02/2024,0.00,-5.751888888888889,24.0,30.0
20/02/2024,0.00,-5.762055555555555,23.0,31.0
21/02/2024,0.00,-5.801333333333335,23.0,32.0
22/02/2024,,-5.836944444444445,24.0,33.0
23/02/2024,0.00,-5.8501111111111115,25.0,32.0
24/02/2024,0.00,-5.8886666666666665,26.0,31.0
25/02/2024,0.00,-5.937888888888889,25.0,30.0
26/02/2024,0.00,-5.949833333333332,26.0,29.0
27/02/2024,0.00,-6.007055555555556,25.0,29.0
28/02/2024,0.00,-6.049499999999999,24.0,30.0
29/02/2024,0.00,-6.085222222222222,22.0,30.0
01/03/2024,0.00,-6.110333333333333,23.0,30.0
02/03/2024,0.00,-6.132611111111111,23.0,31.0
03/03/2024,0.00,-6.133277777777777,24.0,31.0
04/03/2024,0.00,-6.159611111111112,24.0,32.0
05/03/2024,0.00,-6.188777777777777,23.0,31.0
06/03/2024,0.00,-6.181277777777777,23.0,32.0
07/03/2024,0.00,-6.213000000000001,24.0,33.0
08/03/2024,0.00,-6.283555555555556,23.0,33.0
09/03/2024,0.00,-6.313388888888889,24.0,32.0
10/03/2024,0.00,-6.326555555555554,25.0,32.0
11/03/2024,0.00,-6.327777777777777,25.0,31.0
12/03/2024,0.00,-6.310055555555556,24.0,33.0
13/03/2024,0.00,-6.308944444444443,24.0,32.0
14/03/2024,0.00,-6.426777777777779,24.0,33.0
15/03/2024,0.00,-6.388555555555556,24.0,33.0
16/03/2024,0.00,-6.391055555555557,25.0,33.0
17/03/2024,0.00,-6.400055555555557,25.0,31.0
18/03/2024,0.00,-6.431000000000001,25.0,32.0
19/03/2024,0.00,-6.4688888888888885,25.0,32.0
20/03/2024,0.00,-6.486611111111111,24.0,32.0
21/03/2024,0.00,-6.501166666666666,26.0,31.0
22/03/2024,0.00,-6.517444444444445,25.0,32.0
23/03/2024,0.00,-6.521777777777777,25.0,33.0
24/03/2024,0.00,-6.57238888888889,25.0,33.0
25/03/2024,0.00,-6.590888888888888,25.0,32.0
26/03/2024,0.00,-6.588833333333333,24.0,32.0
27/03/2024,0.00,-6.613722222222221,24.0,33.0
28/03/2024,0.00,-6.6291666666666655,24.0,34.0
29/03/2024,0.00,-6.642388888888891,25.0,34.0
30/03/2024,0.00,-7.186722222222222,25.0,33.0
31/03/2024,0.00,-7.318222222222222,25.0,34.0
01/04/2024,0.00,-7.412166666666666,26.0,34.0
02/04/2024,0.00,-7.214611111111111,25.0,35.0
03/04/2024,0.00,-6.791555555555556,26.0,36.0
04/04/2024,0.00,-6.720222222222223,26.0,35.0
05/04/2024,0.00,-6.761333333333333,25.0,35.0
06/04/2024,0.00,-6.9815000000000005,25.0,35.0
07/04/2024,0.00,-7.086333333333332,26.0,35.0
08/04/2024,0.00,-7.144222222222222,26.0,34.0
09/04/2024,0.00,-7.134333333333334,27.0,32.0
10/04/2024,0.00,-7.0472777777777775,26.0,32.0
11/04/2024,0.00,-7.5903888888888895,26.0,33.0
12/04/2024,0.00,-8.131944444444445,27.0,32.0
13/04/2024,0.00,-8.255888888888887,28.0,33.0
14/04/2024,0.00,-7.511666666666667,27.0,33.0
15/04/2024,0.00,-8.272444444444442,26.0,33.0
16/04/2024,0.00,-7.6402222222222225,26.0,34.0
17/04/2024,,-6.971388888888889,27.0,35.0
18/04/2024,0.00,-7.28161111111111,28.0,36.0
18/04/2024,0.00,-7.28161111111111,28.0,36.0
19/04/2024,0.00,-6.826944444444444,28.0,36.0
19/04/2024,0.00,-6.826944444444444,28.0,36.0
20/04/2024,0.00,-6.990666666666667,28.0,36.0
20/04/2024,0.00,-6.990666666666667,28.0,36.0
21/04/2024,0.00,-6.974444444444444,27.0,36.0
21/04/2024,0.00,-6.974444444444444,27.0,36.0
22/04/2024,0.00,-6.936666666666666,26.0,35.0
22/04/2024,0.00,-6.936666666666666,26.0,35.0
23/04/2024,0.00,-6.990111111111111,26.0,35.0
23/04/2024,0.00,-6.990111111111111,26.0,35.0
24/04/2024,0.00,-6.94338888888889,26.0,35.0
24/04/2024,0.00,-6.94338888888889,26.0,35.0
25/04/2024,0.00,-6.951944444444443,27.0,35.0
25/04/2024,0.00,-6.951944444444443,27.0,35.0
26/04/2024,0.00,-7.106888888888888,26.0,35.0
26/04/2024,0.00,-7.106888888888888,26.0,35.0
27/04/2024,0.00,-7.528722222222224,27.0,35.0
27/04/2024,0.00,-7.528722222222224,27.0,35.0
28/04/2024,0.00,-7.9430555555555555,27.0,36.0
28/04/2024,0.00,-7.9430555555555555,27.0,36.0
29/04/2024,0.00,-8.321111111111113,27.0,35.0
29/04/2024,0.00,-8.321111111111113,27.0,35.0
30/04/2024,0.00,-7.090333333333333,27.0,36.0
30/04/2024,0.00,-7.090333333333333,27.0,36.0
01/05/2024,0.80,-7.1271666666666675,28.0,38.0
01/05/2024,0.80,-7.1271666666666675,28.0,38.0
02/05/2024,0.20,-7.204777777777778,29.0,38.0
02/05/2024,0.20,-7.204777777777778,29.0,38.0
03/05/2024,0.00,-7.199222222222223,29.0,37.0
03/05/2024,0.00,-7.199222222222223,29.0,37.0
04/05/2024,0.00,-7.202999999999999,29.0,37.0
04/05/2024,0.00,-7.202999999999999,29.0,37.0
05/05/2024,0.00,-7.146444444444445,29.0,37.0
05/05/2024,0.00,-7.146444444444445,29.0,37.0
06/05/2024,0.00,-7.200722222222222,29.0,36.0
06/05/2024,0.00,-7.200722222222222,29.0,36.0
07/05/2024,0.00,-7.233555555555556,29.0,36.0
08/05/2024,0.40,-7.265611111111111,27.0,33.0
09/05/2024,0.00,-7.288500000000001,29.0,34.0
10/05/2024,0.00,-7.303888888888888,29.0,34.0
11/05/2024,0.00,-7.309166666666668,29.0,34.0
12/05/2024,2.20,-7.296388888888888,29.0,35.0
13/05/2024,0.00,-7.297111111111111,29.0,34.0
14/05/2024,0.00,-7.316555555555556,29.0,34.0
15/05/2024,0.00,,29.0,33.0
